LOT,WAFER,DIE_X,DIE_Y,TEMP_C,VDD_V,CONT_OPEN_SHORT[V],OPA2S_IDDQ_VDD1P8[A],OPA2S_AOL_LF[dB],OPA2S_GBW_CL5P[Hz],OPA2S_VOS[V]
LOT2609A,1,0,0,27,1.8,0.622987,6.98906e-05,82.8271,9.24432e+06,-0.000690811
LOT2609A,1,1,0,27,1.8,0.620601,7.18177e-05,83.1856,9.17391e+06,0.000938826
LOT2609A,1,2,0,27,1.8,0.623569,7.03437e-05,82.7912,9.42499e+06,0.00116483
LOT2609A,1,3,0,27,1.8,0.606558,6.96716e-05,81.9175,8.88977e+06,-0.00162591
LOT2609A,1,4,0,27,1.8,0.617649,6.87049e-05,83.8727,9.50398e+06,0.000194376
LOT2609A,1,5,0,27,1.8,0.594832,6.95748e-05,83.5849,9.48553e+06,-0.00128315
LOT2609A,1,6,0,27,1.8,0.615222,6.90498e-05,82.9006,9.88796e+06,-0.000488288
LOT2609A,1,7,0,27,1.8,0.619675,7.12736e-05,83.1034,9.38998e+06,0.000521511
LOT2609A,1,8,0,27,1.8,0.620638,6.87555e-05,83.6971,1.00145e+07,-0.00130186
LOT2609A,1,9,0,27,1.8,0.628594,7.03603e-05,83.0513,1.0287e+07,0.00123849
LOT2609A,1,10,0,27,1.8,0.608007,7.03068e-05,84.1476,9.35724e+06,0.0011512
LOT2609A,1,11,0,27,1.8,0.619335,7.10144e-05,84.9233,9.15047e+06,0.000623452
LOT2609A,1,0,1,27,1.8,0.615367,7.03698e-05,82.5601,9.19139e+06,0.000184184
LOT2609A,1,1,1,27,1.8,0.628988,7.15849e-05,82.4374,9.09994e+06,0.00111159
LOT2609A,1,2,1,27,1.8,0.600076,6.9665e-05,83.541,9.97125e+06,0.00115834
LOT2609A,1,3,1,27,1.8,0.616728,6.97779e-05,83.4034,1.00844e+07,-7.08274e-05
LOT2609A,1,4,1,27,1.8,0.616963,7.06388e-05,83.5199,9.35363e+06,-0.000825474
LOT2609A,1,5,1,27,1.8,0.619885,6.96884e-05,84.6781,9.71477e+06,0.000373442
LOT2609A,1,6,1,27,1.8,0.626684,6.98122e-05,84.5755,9.43512e+06,0.00104172
LOT2609A,1,7,1,27,1.8,0.607091,7.06317e-05,82.1092,8.57304e+06,6.50754e-05
LOT2609A,1,8,1,27,1.8,0.611001,7.04137e-05,85.6489,9.08419e+06,-0.000286338
LOT2609A,1,9,1,27,1.8,0.622054,7.08064e-05,83.4698,9.34996e+06,0.00117271
LOT2609A,1,10,1,27,1.8,0.625199,6.8984e-05,83.5573,9.4524e+06,-0.000759933
LOT2609A,1,11,1,27,1.8,0.622598,6.91937e-05,84.5035,9.51927e+06,0.000498237
LOT2609A,1,0,2,27,1.8,0.61409,7.00763e-05,81.8306,8.95692e+06,0.000799124
LOT2609A,1,1,2,27,1.8,0.598714,7.12285e-05,82.0571,9.75879e+06,-0.000530047
LOT2609A,1,2,2,27,1.8,0.62779,7.03742e-05,82.2454,9.96791e+06,0.00198588
LOT2609A,1,3,2,27,1.8,0.619342,6.98909e-05,83.4847,9.02328e+06,0.00160845
LOT2609A,1,4,2,27,1.8,0.614571,7.01568e-05,82.9146,9.17153e+06,-0.0010055
LOT2609A,1,5,2,27,1.8,0.632571,7.00339e-05,84.4979,9.44307e+06,-0.000363844
LOT2609A,1,6,2,27,1.8,0.616733,6.95491e-05,83.6358,9.27804e+06,7.00861e-05
LOT2609A,1,7,2,27,1.8,0.606214,6.92547e-05,85.1173,9.15235e+06,-0.000759503
LOT2609A,1,8,2,27,1.8,0.623373,7.18977e-05,82.32,9.34886e+06,-0.000295258
LOT2609A,1,9,2,27,1.8,0.60239,7.10951e-05,83.6075,9.46775e+06,-0.000427543
LOT2609A,1,10,2,27,1.8,0.624548,6.95741e-05,83.5,8.96675e+06,-0.000937713
LOT2609A,1,11,2,27,1.8,0.633355,6.96125e-05,83.8911,9.42306e+06,-8.52597e-05
LOT2609A,1,0,3,27,1.8,0.61492,7.097e-05,83.3569,9.3731e+06,0.000424444
LOT2609A,1,1,3,27,1.8,0.631765,7.10302e-05,83.9729,9.19807e+06,-0.00112017
LOT2609A,1,2,3,27,1.8,0.629495,7.13715e-05,83.502,9.66754e+06,0.00125959
LOT2609A,1,3,3,27,1.8,0.628312,7.13177e-05,83.2185,1.00808e+07,-0.000971252
LOT2609A,1,4,3,27,1.8,0.628617,7.08075e-05,84.4149,1.02354e+07,0.00203289
LOT2609A,1,5,3,27,1.8,0.608548,6.82021e-05,84.3638,9.00635e+06,0.000386354
LOT2609A,1,6,3,27,1.8,0.628397,6.82557e-05,81.7296,9.54753e+06,0.000448824
LOT2609A,1,7,3,27,1.8,0.617542,7.02639e-05,82.8541,8.79466e+06,0.00021668
LOT2609A,1,8,3,27,1.8,0.610283,6.8256e-05,84.0837,9.41134e+06,0.000847181
LOT2609A,1,9,3,27,1.8,0.610107,6.94323e-05,82.7295,9.06087e+06,0.000614949
LOT2609A,1,10,3,27,1.8,0.61217,7.06429e-05,83.9344,1.02975e+07,-0.00113207
LOT2609A,1,11,3,27,1.8,0.628879,7.0111e-05,83.616,8.82168e+06,-0.000106213
LOT2609A,1,0,4,27,1.8,0.627432,7.01194e-05,83.7015,9.31395e+06,0.00167003
LOT2609A,1,1,4,27,1.8,0.619785,6.75912e-05,83.0057,8.6013e+06,-0.00317658
LOT2609A,1,2,4,27,1.8,0.614699,7.18097e-05,83.671,8.93945e+06,-0.00063477
LOT2609A,1,3,4,27,1.8,0.631306,7.0406e-05,83.6718,9.41471e+06,0.00044224
LOT2609A,1,4,4,27,1.8,0.628054,7.08775e-05,83.8227,8.99452e+06,0.00096222
LOT2609A,1,5,4,27,1.8,0.613158,7.15236e-05,82.4847,9.37897e+06,0.000391906
LOT2609A,1,6,4,27,1.8,0.606754,7.22734e-05,84.943,9.24054e+06,0.00124889
LOT2609A,1,7,4,27,1.8,0.623787,6.7098e-05,83.854,9.41136e+06,0.000491539
LOT2609A,1,8,4,27,1.8,0.609231,6.98963e-05,83.4682,9.94198e+06,0.00076787
LOT2609A,1,9,4,27,1.8,0.619944,7.2043e-05,83.1289,9.27203e+06,-0.00159843
LOT2609A,1,10,4,27,1.8,0.635691,7.1369e-05,84.4538,9.72148e+06,0.000521163
LOT2609A,1,11,4,27,1.8,0.622155,6.9917e-05,83.4454,9.46048e+06,0.00206301
LOT2609A,1,0,5,27,1.8,0.625557,7.01481e-05,83.1071,9.16774e+06,0.00216298
LOT2609A,1,1,5,27,1.8,0.625067,7.02985e-05,83.317,8.96642e+06,0.000326452
LOT2609A,1,2,5,27,1.8,0.628737,6.97493e-05,83.4241,9.34354e+06,0.000520554
LOT2609A,1,3,5,27,1.8,0.60407,6.99369e-05,82.8596,9.81308e+06,-0.000447659
LOT2609A,1,4,5,27,1.8,0.62577,7.20376e-05,83.3464,9.18193e+06,0.000610575
LOT2609A,1,5,5,27,1.8,0.61998,6.90318e-05,84.0434,1.02934e+07,0.000116077
LOT2609A,1,6,5,27,1.8,0.617971,6.89705e-05,83.9158,8.90784e+06,-0.000817624
LOT2609A,1,7,5,27,1.8,0.632797,6.9137e-05,84.6018,1.00848e+07,0.000685259
LOT2609A,1,8,5,27,1.8,0.625534,7.25483e-05,83.4515,9.18557e+06,-0.00108855
LOT2609A,1,9,5,27,1.8,0.620417,7.19835e-05,84.4922,9.03732e+06,-0.000540913
LOT2609A,1,10,5,27,1.8,0.614958,7.05667e-05,83.4438,9.52849e+06,0.000726413
LOT2609A,1,11,5,27,1.8,0.617012,7.01699e-05,83.8145,9.40175e+06,0.000953873
LOT2609A,1,0,6,27,1.8,0.638709,7.09245e-05,83.6788,8.72135e+06,0.000826753
LOT2609A,1,1,6,27,1.8,0.600533,6.85359e-05,84.3978,9.73734e+06,0.000235067
LOT2609A,1,2,6,27,1.8,0.6029,6.97746e-05,83.0177,9.70787e+06,0.0028835
LOT2609A,1,3,6,27,1.8,0.622169,6.92876e-05,82.5751,9.41359e+06,0.000205527
LOT2609A,1,4,6,27,1.8,0.608485,7.03568e-05,82.5928,9.90971e+06,0.00156892
LOT2609A,1,5,6,27,1.8,0.630848,6.9652e-05,84.0917,9.38133e+06,-2.76933e-05
LOT2609A,1,6,6,27,1.8,0.616609,6.86664e-05,82.3291,9.77475e+06,0.000189641
LOT2609A,1,7,6,27,1.8,0.622164,7.14136e-05,82.0688,9.10441e+06,0.000592868
LOT2609A,1,8,6,27,1.8,0.623921,6.97677e-05,84.5549,9.52677e+06,-0.00093472
LOT2609A,1,9,6,27,1.8,0.610692,7.11794e-05,84.046,8.63091e+06,0.00188248
LOT2609A,1,10,6,27,1.8,0.62598,7.18214e-05,83.2833,9.31183e+06,-0.000839103
LOT2609A,1,11,6,27,1.8,0.645369,7.00084e-05,85.0574,9.16252e+06,0.000580225
LOT2609A,1,0,7,27,1.8,0.603286,6.97608e-05,84.514,8.90582e+06,0.00157945
LOT2609A,1,1,7,27,1.8,0.623372,6.89717e-05,83.1772,9.24246e+06,0.000345529
LOT2609A,1,2,7,27,1.8,0.614639,6.92303e-05,83.3545,9.00131e+06,-0.00101848
LOT2609A,1,3,7,27,1.8,0.619518,7.12718e-05,82.2522,9.4389e+06,-0.000314952
LOT2609A,1,4,7,27,1.8,0.610229,7.12366e-05,83.1622,1.00737e+07,-0.000457823
LOT2609A,1,5,7,27,1.8,0.623865,6.99466e-05,82.95,9.68699e+06,0.000229519
LOT2609A,1,6,7,27,1.8,0.626032,7.01614e-05,82.6514,9.39407e+06,0.000457151
LOT2609A,1,7,7,27,1.8,0.629585,6.9136e-05,83.5932,8.70616e+06,0.00111664
LOT2609A,1,8,7,27,1.8,0.609185,6.80616e-05,83.5753,9.90698e+06,-0.00127689
LOT2609A,1,9,7,27,1.8,0.60912,6.93306e-05,82.6121,9.59855e+06,-0.000488104
LOT2609A,1,10,7,27,1.8,0.612785,7.09142e-05,82.9486,9.62121e+06,-0.000668524
LOT2609A,1,11,7,27,1.8,0.607879,6.80269e-05,85.3037,9.30141e+06,0.000668327
LOT2609A,1,0,8,27,1.8,0.61969,7.04088e-05,83.6733,1.02478e+07,-0.000742819
LOT2609A,1,1,8,27,1.8,0.604425,6.90099e-05,82.4274,9.75464e+06,0.00130242
LOT2609A,1,2,8,27,1.8,0.610387,6.85581e-05,83.3093,1.00282e+07,-0.00270153
LOT2609A,1,3,8,27,1.8,0.625266,6.89337e-05,84.5649,8.97964e+06,8.60426e-05
LOT2609A,1,4,8,27,1.8,0.604937,6.90513e-05,84.8759,9.7859e+06,-4.1835e-05
LOT2609A,1,5,8,27,1.8,0.611298,6.79572e-05,83.2743,9.42429e+06,0.00030754
LOT2609A,1,6,8,27,1.8,0.619062,6.88788e-05,83.569,9.42099e+06,0.00181962
LOT2609A,1,7,8,27,1.8,0.638667,7.00543e-05,82.9389,9.40982e+06,-0.000268383
LOT2609A,1,8,8,27,1.8,0.612576,7.01479e-05,82.6896,9.69482e+06,0.000285693
LOT2609A,1,9,8,27,1.8,0.6225,6.99995e-05,82.9741,9.03483e+06,0.000138996
LOT2609A,1,10,8,27,1.8,0.614512,7.04971e-05,83.6246,8.85886e+06,0.000473833
LOT2609A,1,11,8,27,1.8,0.606571,6.9482e-05,83.3637,8.55608e+06,0.000500658
LOT2609A,1,0,9,27,1.8,0.62151,7.00292e-05,83.2467,9.27875e+06,-0.000674193
LOT2609A,1,1,9,27,1.8,0.617303,6.95582e-05,83.7111,8.92604e+06,0.000659149
LOT2609A,1,2,9,27,1.8,0.621432,7.00489e-05,83.2333,9.67198e+06,-0.00143106
LOT2609A,1,3,9,27,1.8,0.624605,7.0508e-05,83.8836,9.6002e+06,-0.000319009
LOT2609A,1,4,9,27,1.8,0.617405,7.09783e-05,84.0162,9.5252e+06,-0.00126575
LOT2609A,1,5,9,27,1.8,0.625379,7.16139e-05,84.5373,9.53674e+06,-0.00131345
LOT2609A,1,6,9,27,1.8,0.629425,7.00421e-05,81.3493,9.59761e+06,-0.00124139
LOT2609A,1,7,9,27,1.8,0.607036,6.94599e-05,84.7739,9.27992e+06,0.000698091
LOT2609A,1,8,9,27,1.8,0.63748,7.21207e-05,83.5356,9.33484e+06,-0.000986958
LOT2609A,1,9,9,27,1.8,0.613055,7.07256e-05,83.9848,9.48423e+06,0.00149428
LOT2609A,1,10,9,27,1.8,0.612276,7.01509e-05,84.2867,9.68549e+06,0.00157804
LOT2609A,1,11,9,27,1.8,0.62397,6.98485e-05,83.9546,9.01163e+06,-0.00140341
LOT2609A,2,0,0,27,1.8,0.619449,7.0995e-05,82.1007,9.33614e+06,-0.000259843
LOT2609A,2,1,0,27,1.8,0.611358,6.79173e-05,83.3272,9.87538e+06,0.000819097
LOT2609A,2,2,0,27,1.8,0.613991,7.06069e-05,84.3097,8.313e+06,0.00026301
LOT2609A,2,3,0,27,1.8,0.625432,7.14437e-05,85.1593,9.97693e+06,0.000743819
LOT2609A,2,4,0,27,1.8,0.62302,7.15696e-05,83.1432,9.47493e+06,0.00139686
LOT2609A,2,5,0,27,1.8,0.639574,7.04335e-05,83.585,9.57688e+06,0.00187752
LOT2609A,2,6,0,27,1.8,0.619697,7.23889e-05,82.7586,9.41263e+06,0.000182018
LOT2609A,2,7,0,27,1.8,0.627865,7.18797e-05,82.2701,9.10121e+06,0.000770538
LOT2609A,2,8,0,27,1.8,0.613413,6.87969e-05,84.5632,9.70309e+06,0.000942495
LOT2609A,2,9,0,27,1.8,0.615246,7.18601e-05,83.4126,9.96043e+06,-0.000602832
LOT2609A,2,10,0,27,1.8,0.611459,7.08705e-05,82.9965,9.78061e+06,0.000686097
LOT2609A,2,11,0,27,1.8,0.61077,7.07122e-05,83.3125,9.88329e+06,-0.000295808
LOT2609A,2,0,1,27,1.8,0.615608,7.2079e-05,85.6433,1.0346e+07,0.000469545
LOT2609A,2,1,1,27,1.8,0.622189,7.24658e-05,83.5166,9.07506e+06,0.000528563
LOT2609A,2,2,1,27,1.8,0.624515,6.96292e-05,82.147,8.87841e+06,0.00113197
LOT2609A,2,3,1,27,1.8,0.612416,7.0455e-05,83.8199,9.75656e+06,3.16069e-05
LOT2609A,2,4,1,27,1.8,0.624987,6.95561e-05,83.3031,9.05452e+06,0.00164494
LOT2609A,2,5,1,27,1.8,0.619729,6.97371e-05,83.3115,9.39739e+06,0.00117057
LOT2609A,2,6,1,27,1.8,0.604044,6.93794e-05,83.2883,1.05738e+07,0.00145125
LOT2609A,2,7,1,27,1.8,0.618885,7.14796e-05,85.4803,9.39226e+06,-3.05468e-06
LOT2609A,2,8,1,27,1.8,0.632119,7.1218e-05,84.2328,9.27501e+06,0.00251662
LOT2609A,2,9,1,27,1.8,0.637096,7.13042e-05,84.2445,8.62616e+06,0.00110148
LOT2609A,2,10,1,27,1.8,0.618059,7.11457e-05,84.2428,9.34632e+06,-0.00145953
LOT2609A,2,11,1,27,1.8,0.623679,6.97346e-05,83.3314,9.23388e+06,2.42683e-05
LOT2609A,2,0,2,27,1.8,0.596905,7.20858e-05,83.8566,9.96683e+06,0.00257783
LOT2609A,2,1,2,27,1.8,0.620226,6.84607e-05,82.8241,8.97658e+06,-0.000152062
LOT2609A,2,2,2,27,1.8,0.620796,6.82209e-05,83.9368,8.84696e+06,0.000727102
LOT2609A,2,3,2,27,1.8,0.618905,7.02482e-05,83.5629,9.26153e+06,-0.000273719
LOT2609A,2,4,2,27,1.8,0.603172,7.05892e-05,85.2896,1.03381e+07,0.001854
LOT2609A,2,5,2,27,1.8,0.627058,6.98125e-05,84.9271,9.46812e+06,0.000324237
LOT2609A,2,6,2,27,1.8,0.617088,7.07351e-05,83.2369,9.45631e+06,-0.000793059
LOT2609A,2,7,2,27,1.8,0.616263,7.33628e-05,83.566,9.39016e+06,0.000985612
LOT2609A,2,8,2,27,1.8,0.627081,6.92875e-05,83.4422,9.88433e+06,0.000696821
LOT2609A,2,9,2,27,1.8,0.62122,7.24905e-05,83.0186,9.52744e+06,-0.000172065
LOT2609A,2,10,2,27,1.8,0.634903,6.82813e-05,83.0255,9.26607e+06,0.00112989
LOT2609A,2,11,2,27,1.8,0.626063,7.22998e-05,82.212,9.81266e+06,7.73921e-05
LOT2609A,2,0,3,27,1.8,0.613344,7.12725e-05,82.8005,8.60496e+06,-7.24034e-06
LOT2609A,2,1,3,27,1.8,0.605022,6.98456e-05,83.963,9.62537e+06,0.00214559
LOT2609A,2,2,3,27,1.8,0.618003,6.87838e-05,82.9481,9.09939e+06,-0.000939608
LOT2609A,2,3,3,27,1.8,0.624354,6.98501e-05,81.849,9.78978e+06,0.000277431
LOT2609A,2,4,3,27,1.8,0.623568,7.07517e-05,84.1971,9.50834e+06,0.00175982
LOT2609A,2,5,3,27,1.8,0.62425,7.10955e-05,83.9975,8.8699e+06,0.000218901
LOT2609A,2,6,3,27,1.8,0.617407,7.08739e-05,82.4058,1.01901e+07,0.000514828
LOT2609A,2,7,3,27,1.8,0.607887,6.8573e-05,83.3754,9.45379e+06,-0.000390121
LOT2609A,2,8,3,27,1.8,0.620921,6.98549e-05,84.1251,9.18261e+06,0.00035765
LOT2609A,2,9,3,27,1.8,0.629788,7.37123e-05,82.7217,9.29369e+06,-0.000523819
LOT2609A,2,10,3,27,1.8,0.627843,6.92463e-05,83.1927,9.47945e+06,-0.000676546
LOT2609A,2,11,3,27,1.8,0.610427,7.00537e-05,81.7382,8.87467e+06,-5.43375e-05
LOT2609A,2,0,4,27,1.8,0.621482,7.04017e-05,82.032,9.29399e+06,0.00127828
LOT2609A,2,1,4,27,1.8,0.625559,7.05302e-05,82.83,9.76172e+06,-0.000236822
LOT2609A,2,2,4,27,1.8,0.608308,6.96616e-05,84.9321,9.58615e+06,0.00167517
LOT2609A,2,3,4,27,1.8,0.615207,7.17511e-05,83.0872,9.42485e+06,0.00313499
LOT2609A,2,4,4,27,1.8,0.627671,7.0023e-05,83.5523,9.63144e+06,0.0017315
LOT2609A,2,5,4,27,1.8,0.615109,6.85341e-05,83.3769,9.49867e+06,0.000520492
LOT2609A,2,6,4,27,1.8,0.633167,7.1005e-05,84.3602,9.02176e+06,0.00135469
LOT2609A,2,7,4,27,1.8,0.640962,7.15527e-05,83.8568,9.55787e+06,0.00236586
LOT2609A,2,8,4,27,1.8,0.610728,7.04913e-05,84.0428,9.80989e+06,-8.10607e-05
LOT2609A,2,9,4,27,1.8,0.623073,7.02911e-05,83.737,9.43568e+06,-0.000855753
LOT2609A,2,10,4,27,1.8,0.619789,7.16779e-05,82.7583,9.38912e+06,0.00113126
LOT2609A,2,11,4,27,1.8,0.609301,7.0844e-05,82.6745,9.97675e+06,0.0029441
LOT2609A,2,0,5,27,1.8,0.640223,7.03616e-05,84.2948,9.54378e+06,0.000512316
LOT2609A,2,1,5,27,1.8,0.635478,6.90409e-05,84.5784,9.47118e+06,0.00194939
LOT2609A,2,2,5,27,1.8,0.621872,6.98171e-05,83.878,9.80646e+06,0.00043934
LOT2609A,2,3,5,27,1.8,0.62488,6.99984e-05,81.7081,9.87654e+06,0.00116908
LOT2609A,2,4,5,27,1.8,0.621482,7.07069e-05,84.5613,9.29685e+06,-0.000377187
LOT2609A,2,5,5,27,1.8,0.618115,7.20524e-05,82.3802,1.00012e+07,-0.000303178
LOT2609A,2,6,5,27,1.8,0.608993,7.21376e-05,83.5414,8.93671e+06,5.39364e-06
LOT2609A,2,7,5,27,1.8,0.629311,7.2056e-05,83.2442,9.66566e+06,0.00118549
LOT2609A,2,8,5,27,1.8,0.613554,7.1051e-05,83.5999,9.26314e+06,-0.000141363
LOT2609A,2,9,5,27,1.8,0.62067,7.06606e-05,83.1197,9.31016e+06,0.00162467
LOT2609A,2,10,5,27,1.8,0.622138,7.16874e-05,84.7102,9.74362e+06,0.00289797
LOT2609A,2,11,5,27,1.8,0.611747,7.15953e-05,83.3423,1.02848e+07,0.00227048
LOT2609A,2,0,6,27,1.8,0.600458,6.94615e-05,84.2265,9.82949e+06,0.00121022
LOT2609A,2,1,6,27,1.8,0.619291,7.11712e-05,84.2163,9.45884e+06,0.00153003
LOT2609A,2,2,6,27,1.8,0.597405,7.13857e-05,82.698,9.90159e+06,0.000148447
LOT2609A,2,3,6,27,1.8,0.611112,7.10736e-05,82.8084,9.10221e+06,-0.00132402
LOT2609A,2,4,6,27,1.8,0.619733,7.12212e-05,84.5493,9.43156e+06,0.00155264
LOT2609A,2,5,6,27,1.8,0.62018,7.05127e-05,84.1448,9.94418e+06,2.44221e-05
LOT2609A,2,6,6,27,1.8,0.617562,7.04316e-05,83.7031,9.10749e+06,0.00153081
LOT2609A,2,7,6,27,1.8,0.615996,7.11799e-05,82.8857,9.64536e+06,0.000830752
LOT2609A,2,8,6,27,1.8,0.615793,7.30511e-05,83.9625,1.02511e+07,0.00145505
LOT2609A,2,9,6,27,1.8,0.613377,7.01659e-05,84.0211,9.51823e+06,0.000454407
LOT2609A,2,10,6,27,1.8,0.617138,6.84534e-05,83.4257,8.54464e+06,0.000809002
LOT2609A,2,11,6,27,1.8,0.612739,6.97658e-05,83.4312,9.60857e+06,-0.00117521
LOT2609A,2,0,7,27,1.8,0.602514,6.93448e-05,81.791,9.07911e+06,0.00214997
LOT2609A,2,1,7,27,1.8,0.609434,7.14068e-05,82.3941,9.61987e+06,4.82928e-05
LOT2609A,2,2,7,27,1.8,0.619402,7.13076e-05,85.2092,9.57527e+06,0.000536795
LOT2609A,2,3,7,27,1.8,0.610266,7.13251e-05,83.4071,9.84748e+06,0.000351923
LOT2609A,2,4,7,27,1.8,0.637409,6.8244e-05,83.3617,9.86862e+06,1.42386e-05
LOT2609A,2,5,7,27,1.8,0.612078,7.03055e-05,82.3867,9.54291e+06,0.00308451
LOT2609A,2,6,7,27,1.8,0.63145,6.92932e-05,82.8426,9.31922e+06,0.00150486
LOT2609A,2,7,7,27,1.8,0.611785,6.9796e-05,84.4249,9.86143e+06,-1.11961e-05
LOT2609A,2,8,7,27,1.8,0.608822,6.87641e-05,82.9995,8.53934e+06,0.0012248
LOT2609A,2,9,7,27,1.8,0.6137,7.12026e-05,85.3101,9.99314e+06,-0.000866248
LOT2609A,2,10,7,27,1.8,0.628692,7.20149e-05,82.9569,9.0849e+06,0.000279339
LOT2609A,2,11,7,27,1.8,0.603986,7.23905e-05,81.4638,9.01933e+06,0.000103478
LOT2609A,2,0,8,27,1.8,0.617729,7.08242e-05,83.8729,9.40085e+06,0.00165057
LOT2609A,2,1,8,27,1.8,0.598606,7.06245e-05,82.9855,9.5487e+06,0.000642836
LOT2609A,2,2,8,27,1.8,0.610882,6.98552e-05,84.3419,9.6412e+06,-0.000348273
LOT2609A,2,3,8,27,1.8,0.640399,7.33972e-05,82.3124,9.62101e+06,0.00315989
LOT2609A,2,4,8,27,1.8,0.627839,7.08901e-05,83.4413,9.26093e+06,0.000166234
LOT2609A,2,5,8,27,1.8,0.614493,7.15191e-05,83.2703,9.30366e+06,-0.000922377
LOT2609A,2,6,8,27,1.8,0.619504,6.95512e-05,83.4659,9.9371e+06,0.000802517
LOT2609A,2,7,8,27,1.8,0.625047,7.10523e-05,83.6819,9.43771e+06,6.14132e-05
LOT2609A,2,8,8,27,1.8,0.627591,6.9323e-05,84.8353,9.50665e+06,-0.00042357
LOT2609A,2,9,8,27,1.8,0.615109,6.98119e-05,83.7728,9.18548e+06,0.00165634
LOT2609A,2,10,8,27,1.8,0.612184,6.78963e-05,82.9707,8.63417e+06,0.000356144
LOT2609A,2,11,8,27,1.8,0.630592,7.14024e-05,82.4248,9.1665e+06,0.0023565
LOT2609A,2,0,9,27,1.8,0.623185,7.06297e-05,84.5791,1.05398e+07,0.00182623
LOT2609A,2,1,9,27,1.8,0.621394,7.10506e-05,84.184,9.23039e+06,-0.000764591
LOT2609A,2,2,9,27,1.8,0.620524,6.94875e-05,83.5733,9.53316e+06,0.00297514
LOT2609A,2,3,9,27,1.8,0.61149,7.04785e-05,83.4807,9.67889e+06,0.0015514
LOT2609A,2,4,9,27,1.8,0.615095,6.96386e-05,82.152,9.09647e+06,0.000990085
LOT2609A,2,5,9,27,1.8,0.620456,6.94056e-05,83.2931,9.50554e+06,0.000954047
LOT2609A,2,6,9,27,1.8,0.614066,7.0324e-05,81.992,9.00029e+06,0.00217949
LOT2609A,2,7,9,27,1.8,0.598119,7.02192e-05,83.8259,9.3322e+06,-0.000488973
LOT2609A,2,8,9,27,1.8,0.619389,7.06188e-05,83.5547,8.69004e+06,0.000237856
LOT2609A,2,9,9,27,1.8,0.611449,6.99671e-05,83.8329,9.76578e+06,0.00138646
LOT2609A,2,10,9,27,1.8,0.615036,7.17341e-05,84.685,9.97761e+06,0.00192874
LOT2609A,2,11,9,27,1.8,0.618543,7.04157e-05,84.3711,8.90839e+06,0.000630372
