corner,temp_c,vdd,iq_ua,dc_gain_db,ugbw_hz,phase_margin_deg
tt,-40,1.62,69.7641,87.6765,15348700.0,71.097
tt,-40,1.8,70.0591,87.7646,15466500.0,71.2991
tt,-40,1.98,70.3547,87.8517,15584300.0,71.5
tt,27,1.62,69.9217,84.3403,12017400.0,64.8205
tt,27,1.8,70.217,84.4286,12099100.0,65.0113
tt,27,1.98,70.5127,84.5159,12180900.0,65.2014
tt,125,1.62,70.2026,80.5837,9411030.0,58.5573
tt,125,1.8,70.4982,80.6723,9467930.0,58.7248
tt,125,1.98,70.7942,80.7598,9524730.0,58.8917
ff,-40,1.62,70.0158,88.6589,16742000.0,73.5627
ff,-40,1.8,70.3121,88.7467,16878300.0,73.7637
ff,-40,1.98,70.6088,88.8337,17014600.0,73.9633
ff,27,1.62,70.1805,85.3218,12967000.0,67.1808
ff,27,1.8,70.4771,85.4098,13056500.0,67.3758
ff,27,1.98,70.7741,85.4969,13146000.0,67.5699
ff,125,1.62,70.4716,81.564,10080000.0,60.6702
ff,125,1.8,70.7685,81.6523,10143400.0,60.8452
ff,125,1.98,71.066,81.7396,10206700.0,61.0195
ss,-40,1.62,69.1846,86.6254,13905000.0,68.3885
ss,-40,1.8,69.8025,86.6393,14088000.0,68.4455
ss,-40,1.98,70.0968,86.7266,14189700.0,68.6444
ss,27,1.62,69.5262,83.2461,11046400.0,62.2345
ss,27,1.8,69.9522,83.3042,11139900.0,62.3356
ss,27,1.98,70.2465,83.3917,11211900.0,62.5188
ss,125,1.62,69.9275,79.4604,8723790.0,56.1799
ss,125,1.8,70.2216,79.5493,8776450.0,56.3406
ss,125,1.98,70.5163,79.6371,8829000.0,56.5007
